"EB","00","1000438","Farmer Joe's - Fruitvale Ave.","696610110880","zzzzLa Morenita Tortilla Chips","CHIPS","EACH","16 oz",3.69,194.00,715.86,"2021","01"
"EB","00","1000438","Farmer Joe's - Fruitvale Ave.","696610110880","zzzzLa Morenita Tortilla Chips","CHIPS","EACH","16 oz",3.69,57.00,210.33,"2021","02"
"EB","00","1000438","Farmer Joe's - Fruitvale Ave.","696610111290","zzzzLa Morenita Salt & Limon","CHIPS","EACH","16 oz",3.69,135.00,498.15,"2021","01"
"EB","00","1000438","Farmer Joe's - Fruitvale Ave.","696610111290","zzzzLa Morenita Salt & Limon","CHIPS","EACH","16 oz",3.69,45.00,166.05,"2021","02"
"EB","00","1000438","Farmer Joe's - Fruitvale Ave.","696610110996","zzzzLa Morenita Tostaditas","CHIPS","EACH","16 oz",3.69,36.00,132.84,"2021","01"
"EB","00","1000438","Farmer Joe's - Fruitvale Ave.","696610110996","zzzzLa Morenita Tostaditas","CHIPS","EACH","16 oz",3.69,56.00,206.64,"2021","02"
"EB","00","1000600","Berkeley Bowl","696610110880","zzzzLa Morenita Tortilla Chips","CHIPS","EACH","16 oz",3.69,120.00,442.80,"2021","01"
"EB","00","1000600","Berkeley Bowl","696610110880","zzzzLa Morenita Tortilla Chips","CHIPS","EACH","16 oz",3.69,50.00,184.50,"2021","02"
"EB","00","1000600","Berkeley Bowl","696610111290","zzzzLa Morenita Salt & Limon","CHIPS","EACH","16 oz",3.69,105.00,387.45,"2021","01"
"EB","00","1000600","Berkeley Bowl","696610111290","zzzzLa Morenita Salt & Limon","CHIPS","EACH","16 oz",3.69,45.00,166.05,"2021","02"
"EB","00","1000600","Berkeley Bowl","696610110996","zzzzLa Morenita Tostaditas","CHIPS","EACH","16 oz",3.69,60.00,221.40,"2021","01"
"EB","00","1000600","Berkeley Bowl","696610110996","zzzzLa Morenita Tostaditas","CHIPS","EACH","16 oz",3.69,41.00,151.29,"2021","02"
"EB","00","1000608","Berkeley Bowl West","696610110880","zzzzLa Morenita Tortilla Chips","CHIPS","EACH","16 oz",3.69,120.00,442.80,"2021","01"
"EB","00","1000608","Berkeley Bowl West","696610110880","zzzzLa Morenita Tortilla Chips","CHIPS","EACH","16 oz",3.69,30.00,110.70,"2021","02"
"EB","00","1000608","Berkeley Bowl West","696610111290","zzzzLa Morenita Salt & Limon","CHIPS","EACH","16 oz",3.69,105.00,387.45,"2021","01"
"EB","00","1000608","Berkeley Bowl West","696610111290","zzzzLa Morenita Salt & Limon","CHIPS","EACH","16 oz",3.69,15.00,55.35,"2021","02"
"EB","00","1000608","Berkeley Bowl West","696610110996","zzzzLa Morenita Tostaditas","CHIPS","EACH","16 oz",3.69,24.00,88.56,"2021","01"
"EB","00","1000608","Berkeley Bowl West","696610110996","zzzzLa Morenita Tostaditas","CHIPS","EACH","16 oz",3.69,24.00,88.56,"2021","02"
"MN","00","1000111","Valley Ford Market","696610110880","zzzzLa Morenita Tortilla Chips","CHIPS","EACH","16 oz",3.69,15.00,55.35,"2021","01"
"MN","00","1000151","Surf Super","696610110880","zzzzLa Morenita Tortilla Chips","CHIPS","EACH","16 oz",3.69,105.00,387.45,"2021","01"
"MN","00","1000151","Surf Super","696610110880","zzzzLa Morenita Tortilla Chips","CHIPS","EACH","16 oz",3.69,45.00,166.05,"2021","02"
"MN","00","1000151","Surf Super","696610111290","zzzzLa Morenita Salt & Limon","CHIPS","EACH","16 oz",3.69,105.00,387.45,"2021","01"
"MN","00","1000151","Surf Super","696610111290","zzzzLa Morenita Salt & Limon","CHIPS","EACH","16 oz",3.69,30.00,110.70,"2021","02"
"MN","00","1000151","Surf Super","696610110996","zzzzLa Morenita Tostaditas","CHIPS","EACH","16 oz",3.69,36.00,132.84,"2021","01"
"MN","00","1000151","Surf Super","696610110996","zzzzLa Morenita Tostaditas","CHIPS","EACH","16 oz",3.69,24.00,88.56,"2021","02"
"MN","00","1000275","Gualala Super Market","696610110880","zzzzLa Morenita Tortilla Chips","CHIPS","EACH","16 oz",3.69,60.00,221.40,"2021","01"
"MN","00","1000275","Gualala Super Market","696610110880","zzzzLa Morenita Tortilla Chips","CHIPS","EACH","16 oz",3.69,30.00,110.70,"2021","02"
"MN","00","1000275","Gualala Super Market","696610111290","zzzzLa Morenita Salt & Limon","CHIPS","EACH","16 oz",3.69,45.00,166.05,"2021","01"
"MN","00","1000275","Gualala Super Market","696610111290","zzzzLa Morenita Salt & Limon","CHIPS","EACH","16 oz",3.69,23.00,84.87,"2021","02"
"MN","00","1000372","Pelican Plaza Grocery & Deli","696610110880","zzzzLa Morenita Tortilla Chips","CHIPS","EACH","16 oz",3.69,6.00,22.14,"2021","01"
"MR","00","1000082","Mill Valley Market","696610110880","zzzzLa Morenita Tortilla Chips","CHIPS","EACH","16 oz",3.69,120.00,442.80,"2021","01"
"MR","00","1000082","Mill Valley Market","696610110880","zzzzLa Morenita Tortilla Chips","CHIPS","EACH","16 oz",3.69,45.00,166.05,"2021","02"
"MR","00","1000082","Mill Valley Market","696610111290","zzzzLa Morenita Salt & Limon","CHIPS","EACH","16 oz",3.69,60.00,221.40,"2021","01"
"MR","00","1000082","Mill Valley Market","696610111290","zzzzLa Morenita Salt & Limon","CHIPS","EACH","16 oz",3.69,30.00,110.70,"2021","02"
"MR","00","1000088","Palace Market","696610110880","zzzzLa Morenita Tortilla Chips","CHIPS","EACH","16 oz",3.69,90.00,332.10,"2021","01"
"MR","00","1000088","Palace Market","696610110880","zzzzLa Morenita Tortilla Chips","CHIPS","EACH","16 oz",3.69,45.00,166.05,"2021","02"
"MR","00","1000088","Palace Market","696610111290","zzzzLa Morenita Salt & Limon","CHIPS","EACH","16 oz",3.69,90.00,332.10,"2021","01"
"MR","00","1000088","Palace Market","696610111290","zzzzLa Morenita Salt & Limon","CHIPS","EACH","16 oz",3.69,45.00,166.05,"2021","02"
"MR","00","1000088","Palace Market","696610110996","zzzzLa Morenita Tostaditas","CHIPS","EACH","16 oz",3.69,36.00,132.84,"2021","01"
"MR","00","1000088","Palace Market","696610110996","zzzzLa Morenita Tostaditas","CHIPS","EACH","16 oz",3.69,48.00,177.12,"2021","02"
"MR","00","1000108","Scotty's Market","696610110880","zzzzLa Morenita Tortilla Chips","CHIPS","EACH","16 oz",3.69,75.00,276.75,"2021","01"
"MR","00","1000108","Scotty's Market","696610110880","zzzzLa Morenita Tortilla Chips","CHIPS","EACH","16 oz",3.69,23.00,84.87,"2021","02"
"MR","00","1000108","Scotty's Market","696610111290","zzzzLa Morenita Salt & Limon","CHIPS","EACH","16 oz",3.69,51.00,188.19,"2021","01"
"MR","00","1000108","Scotty's Market","696610111290","zzzzLa Morenita Salt & Limon","CHIPS","EACH","16 oz",3.69,8.00,29.52,"2021","02"
"MR","00","1000108","Scotty's Market","696610110996","zzzzLa Morenita Tostaditas","CHIPS","EACH","16 oz",3.69,24.00,88.56,"2021","01"
"MR","00","1000108","Scotty's Market","696610110996","zzzzLa Morenita Tostaditas","CHIPS","EACH","16 oz",3.69,12.00,44.28,"2021","02"
"MR","00","1000147","United Market - San Anselmo","696610110880","zzzzLa Morenita Tortilla Chips","CHIPS","EACH","16 oz",3.69,209.00,771.21,"2021","01"
"MR","00","1000147","United Market - San Anselmo","696610110880","zzzzLa Morenita Tortilla Chips","CHIPS","EACH","16 oz",3.69,45.00,166.05,"2021","02"
"MR","00","1000147","United Market - San Anselmo","696610110880","zzzzLa Morenita Tortilla Chips","CHIPS","EACH","16 oz",3.69,-1.00,-3.69,"2021","03"
"MR","00","1000147","United Market - San Anselmo","696610111290","zzzzLa Morenita Salt & Limon","CHIPS","EACH","16 oz",3.69,75.00,276.75,"2021","01"
"MR","00","1000147","United Market - San Anselmo","696610111290","zzzzLa Morenita Salt & Limon","CHIPS","EACH","16 oz",3.69,30.00,110.70,"2021","02"
"MR","00","1000147","United Market - San Anselmo","696610110996","zzzzLa Morenita Tostaditas","CHIPS","EACH","16 oz",3.69,24.00,88.56,"2021","01"
"MR","00","1000147","United Market - San Anselmo","696610110996","zzzzLa Morenita Tostaditas","CHIPS","EACH","16 oz",3.69,12.00,44.28,"2021","02"
"MR","00","1000147","United Market - San Anselmo","696610110996","zzzzLa Morenita Tostaditas","CHIPS","EACH","16 oz",3.69,-1.00,-3.69,"2021","03"
"MR","00","1000148","United Market - San Rafael","696610110880","zzzzLa Morenita Tortilla Chips","CHIPS","EACH","16 oz",3.69,96.00,354.24,"2021","01"
"MR","00","1000148","United Market - San Rafael","696610110880","zzzzLa Morenita Tortilla Chips","CHIPS","EACH","16 oz",3.69,11.00,40.59,"2021","02"
"MR","00","1000148","United Market - San Rafael","696610110880","zzzzLa Morenita Tortilla Chips","CHIPS","EACH","16 oz",3.69,-2.00,-7.38,"2021","03"
"MR","00","1000148","United Market - San Rafael","696610111290","zzzzLa Morenita Salt & Limon","CHIPS","EACH","16 oz",3.69,60.00,221.40,"2021","01"
"MR","00","1000148","United Market - San Rafael","696610111290","zzzzLa Morenita Salt & Limon","CHIPS","EACH","16 oz",3.69,15.00,55.35,"2021","02"
"MR","00","1000148","United Market - San Rafael","696610110996","zzzzLa Morenita Tostaditas","CHIPS","EACH","16 oz",3.69,6.00,22.14,"2021","01"
"MR","00","1000148","United Market - San Rafael","696610110996","zzzzLa Morenita Tostaditas","CHIPS","EACH","16 oz",3.69,12.00,44.28,"2021","02"
"MR","00","1000172","Bolinas Ave Market","696610111290","zzzzLa Morenita Salt & Limon","CHIPS","EACH","16 oz",3.69,2.00,7.38,"2021","02"
"MR","00","1000265","Santa Venetia Super","696610111290","zzzzLa Morenita Salt & Limon","CHIPS","EACH","16 oz",3.69,45.00,166.05,"2021","01"
"MR","00","1000265","Santa Venetia Super","696610111290","zzzzLa Morenita Salt & Limon","CHIPS","EACH","16 oz",3.69,15.00,55.35,"2021","02"
"MR","00","1000265","Santa Venetia Super","696610110880","zzzzLa Morenita Tortilla Chips","CHIPS","EACH","16 oz",3.69,30.00,110.70,"2021","01"
"MR","00","1000265","Santa Venetia Super","696610110880","zzzzLa Morenita Tortilla Chips","CHIPS","EACH","16 oz",3.69,15.00,55.35,"2021","02"
"MR","00","1000278","Mollie Stone #4-Greenbrae","696610110880","zzzzLa Morenita Tortilla Chips","CHIPS","EACH","16 oz",3.69,165.00,608.85,"2021","01"
"MR","00","1000278","Mollie Stone #4-Greenbrae","696610110880","zzzzLa Morenita Tortilla Chips","CHIPS","EACH","16 oz",3.69,28.00,103.32,"2021","02"
"MR","00","1000278","Mollie Stone #4-Greenbrae","696610111290","zzzzLa Morenita Salt & Limon","CHIPS","EACH","16 oz",3.69,105.00,387.45,"2021","01"
"MR","00","1000278","Mollie Stone #4-Greenbrae","696610111290","zzzzLa Morenita Salt & Limon","CHIPS","EACH","16 oz",3.69,30.00,110.70,"2021","02"
"MR","00","1000282","Mollie Stone #1-Sausalito","696610110880","zzzzLa Morenita Tortilla Chips","CHIPS","EACH","16 oz",3.69,30.00,110.70,"2021","01"
"MR","00","1000282","Mollie Stone #1-Sausalito","696610110880","zzzzLa Morenita Tortilla Chips","CHIPS","EACH","16 oz",3.69,15.00,55.35,"2021","02"
"MR","00","1000282","Mollie Stone #1-Sausalito","696610111290","zzzzLa Morenita Salt & Limon","CHIPS","EACH","16 oz",3.69,30.00,110.70,"2021","01"
"MR","00","1000334","Marinwood Market","696610110880","zzzzLa Morenita Tortilla Chips","CHIPS","EACH","16 oz",3.69,45.00,166.05,"2021","01"
"MR","00","1000334","Marinwood Market","696610110880","zzzzLa Morenita Tortilla Chips","CHIPS","EACH","16 oz",3.69,30.00,110.70,"2021","02"
"MR","00","1000334","Marinwood Market","696610111290","zzzzLa Morenita Salt & Limon","CHIPS","EACH","16 oz",3.69,45.00,166.05,"2021","01"
"MR","00","1000334","Marinwood Market","696610110996","zzzzLa Morenita Tostaditas","CHIPS","EACH","16 oz",3.69,12.00,44.28,"2021","02"
"MR","00","1000343","Alcos Colonial Liquor #1","696610110880","zzzzLa Morenita Tortilla Chips","CHIPS","EACH","16 oz",3.69,12.00,44.28,"2021","01"
"MR","00","1000343","Alcos Colonial Liquor #1","696610111290","zzzzLa Morenita Salt & Limon","CHIPS","EACH","16 oz",3.69,12.00,44.28,"2021","01"
"MR","00","1000641","Andy's Local Mkt - San Rafael","696610110880","zzzzLa Morenita Tortilla Chips","CHIPS","EACH","16 oz",3.69,51.00,188.19,"2021","01"
"MR","00","1000641","Andy's Local Mkt - San Rafael","696610110880","zzzzLa Morenita Tortilla Chips","CHIPS","EACH","16 oz",3.69,15.00,55.35,"2021","02"
"MR","00","1000641","Andy's Local Mkt - San Rafael","696610111290","zzzzLa Morenita Salt & Limon","CHIPS","EACH","16 oz",3.69,46.00,169.74,"2021","01"
"MR","00","1000641","Andy's Local Mkt - San Rafael","696610111290","zzzzLa Morenita Salt & Limon","CHIPS","EACH","16 oz",3.69,15.00,55.35,"2021","02"
"MR","00","1000641","Andy's Local Mkt - San Rafael","696610110996","zzzzLa Morenita Tostaditas","CHIPS","EACH","16 oz",3.69,24.00,88.56,"2021","01"
"MR","00","1000641","Andy's Local Mkt - San Rafael","696610110996","zzzzLa Morenita Tostaditas","CHIPS","EACH","16 oz",3.69,6.00,22.14,"2021","02"
"MR","00","1000771","Andy's Corte Madera Mkt.","696610110880","zzzzLa Morenita Tortilla Chips","CHIPS","EACH","16 oz",3.69,4.00,14.76,"2021","01"
"MR","00","1000771","Andy's Corte Madera Mkt.","696610110880","zzzzLa Morenita Tortilla Chips","CHIPS","EACH","16 oz",3.69,4.00,14.76,"2021","02"
"MR","00","1000771","Andy's Corte Madera Mkt.","696610111290","zzzzLa Morenita Salt & Limon","CHIPS","EACH","16 oz",3.69,4.00,14.76,"2021","01"
"MR","00","1000903","Harvest Mkt/Novato Foods","696610110880","zzzzLa Morenita Tortilla Chips","CHIPS","EACH","16 oz",3.69,105.00,387.45,"2021","01"
"MR","00","1000903","Harvest Mkt/Novato Foods","696610110880","zzzzLa Morenita Tortilla Chips","CHIPS","EACH","16 oz",3.69,60.00,221.40,"2021","02"
"MR","00","1000903","Harvest Mkt/Novato Foods","696610111290","zzzzLa Morenita Salt & Limon","CHIPS","EACH","16 oz",3.69,74.00,273.06,"2021","01"
"MR","00","1000903","Harvest Mkt/Novato Foods","696610111290","zzzzLa Morenita Salt & Limon","CHIPS","EACH","16 oz",3.69,75.00,276.75,"2021","02"
"MR","00","1000903","Harvest Mkt/Novato Foods","696610110996","zzzzLa Morenita Tostaditas","CHIPS","EACH","16 oz",3.69,36.00,132.84,"2021","01"
"MR","00","1000903","Harvest Mkt/Novato Foods","696610110996","zzzzLa Morenita Tostaditas","CHIPS","EACH","16 oz",3.69,48.00,177.12,"2021","02"
"MR","00","1001011","Fairfax Market","696610110880","zzzzLa Morenita Tortilla Chips","CHIPS","EACH","16 oz",3.69,120.00,442.80,"2021","01"
"MR","00","1001011","Fairfax Market","696610110880","zzzzLa Morenita Tortilla Chips","CHIPS","EACH","16 oz",3.69,45.00,166.05,"2021","02"
"MR","00","1001011","Fairfax Market","696610111290","zzzzLa Morenita Salt & Limon","CHIPS","EACH","16 oz",3.69,105.00,387.45,"2021","01"
"MR","00","1001011","Fairfax Market","696610111290","zzzzLa Morenita Salt & Limon","CHIPS","EACH","16 oz",3.69,30.00,110.70,"2021","02"
"MR","00","1001011","Fairfax Market","696610110996","zzzzLa Morenita Tostaditas","CHIPS","EACH","16 oz",3.69,47.00,173.43,"2021","01"
"MR","00","1001011","Fairfax Market","696610110996","zzzzLa Morenita Tostaditas","CHIPS","EACH","16 oz",3.69,24.00,88.56,"2021","02"
"NP","00","1000019","Brown's Valley Mkt.","696610110880","zzzzLa Morenita Tortilla Chips","CHIPS","EACH","16 oz",3.69,180.00,664.20,"2021","01"
"NP","00","1000019","Brown's Valley Mkt.","696610110880","zzzzLa Morenita Tortilla Chips","CHIPS","EACH","16 oz",3.69,195.00,719.55,"2021","02"
"NP","00","1000019","Brown's Valley Mkt.","696610111290","zzzzLa Morenita Salt & Limon","CHIPS","EACH","16 oz",3.69,120.00,442.80,"2021","01"
"NP","00","1000019","Brown's Valley Mkt.","696610111290","zzzzLa Morenita Salt & Limon","CHIPS","EACH","16 oz",3.69,90.00,332.10,"2021","02"
"NP","00","1000019","Brown's Valley Mkt.","696610110996","zzzzLa Morenita Tostaditas","CHIPS","EACH","16 oz",3.69,24.00,88.56,"2021","01"
"NP","00","1000019","Brown's Valley Mkt.","696610110996","zzzzLa Morenita Tostaditas","CHIPS","EACH","16 oz",3.69,24.00,88.56,"2021","02"
"NP","00","1000022","College Mercantile","696610110880","zzzzLa Morenita Tortilla Chips","CHIPS","EACH","16 oz",3.69,30.00,110.70,"2021","01"
"NP","00","1000022","College Mercantile","696610110880","zzzzLa Morenita Tortilla Chips","CHIPS","EACH","16 oz",3.69,23.00,84.87,"2021","02"
"NP","00","1000022","College Mercantile","696610111290","zzzzLa Morenita Salt & Limon","CHIPS","EACH","16 oz",3.69,15.00,55.35,"2021","01"
"NP","00","1000022","College Mercantile","696610111290","zzzzLa Morenita Salt & Limon","CHIPS","EACH","16 oz",3.69,15.00,55.35,"2021","02"
"NP","00","1000022","College Mercantile","696610110996","zzzzLa Morenita Tostaditas","CHIPS","EACH","16 oz",3.69,12.00,44.28,"2021","01"
"NP","00","1000128","Sunshine Mkt. - St. Helena","696610110880","zzzzLa Morenita Tortilla Chips","CHIPS","EACH","16 oz",3.69,205.00,756.45,"2021","01"
"NP","00","1000128","Sunshine Mkt. - St. Helena","696610110880","zzzzLa Morenita Tortilla Chips","CHIPS","EACH","16 oz",3.69,180.00,664.20,"2021","02"
"NP","00","1000128","Sunshine Mkt. - St. Helena","696610111290","zzzzLa Morenita Salt & Limon","CHIPS","EACH","16 oz",3.69,120.00,442.80,"2021","01"
"NP","00","1000128","Sunshine Mkt. - St. Helena","696610111290","zzzzLa Morenita Salt & Limon","CHIPS","EACH","16 oz",3.69,86.00,317.34,"2021","02"
"NP","00","1000128","Sunshine Mkt. - St. Helena","696610110996","zzzzLa Morenita Tostaditas","CHIPS","EACH","16 oz",3.69,24.00,88.56,"2021","01"
"NP","00","1000128","Sunshine Mkt. - St. Helena","696610110996","zzzzLa Morenita Tostaditas","CHIPS","EACH","16 oz",3.69,36.00,132.84,"2021","02"
"NP","00","1000251","Cal Mart-Calistoga","696610110880","zzzzLa Morenita Tortilla Chips","CHIPS","EACH","16 oz",3.69,345.00,"1,273.05","2021","01"
"NP","00","1000251","Cal Mart-Calistoga","696610110880","zzzzLa Morenita Tortilla Chips","CHIPS","EACH","16 oz",3.69,180.00,664.20,"2021","02"
"NP","00","1000251","Cal Mart-Calistoga","696610111290","zzzzLa Morenita Salt & Limon","CHIPS","EACH","16 oz",3.69,60.00,221.40,"2021","01"
"NP","00","1000251","Cal Mart-Calistoga","696610111290","zzzzLa Morenita Salt & Limon","CHIPS","EACH","16 oz",3.69,60.00,221.40,"2021","02"
"NP","00","1000458","Napa Valley Marina","696610110880","zzzzLa Morenita Tortilla Chips","CHIPS","EACH","16 oz",3.69,8.00,29.52,"2021","02"
"NP","00","1000458","Napa Valley Marina","696610111290","zzzzLa Morenita Salt & Limon","CHIPS","EACH","16 oz",3.69,8.00,29.52,"2021","02"
"NP","00","1000766","Delta Farmers Market","696610110880","zzzzLa Morenita Tortilla Chips","CHIPS","EACH","16 oz",3.69,30.00,110.70,"2021","01"
"NP","00","1000766","Delta Farmers Market","696610111290","zzzzLa Morenita Salt & Limon","CHIPS","EACH","16 oz",3.69,30.00,110.70,"2021","01"
"NP","00","1000766","Delta Farmers Market","696610110996","zzzzLa Morenita Tostaditas","CHIPS","EACH","16 oz",3.69,12.00,44.28,"2021","01"
"NP","00","1000907","Gary's Wine & Marketplace","696610111290","zzzzLa Morenita Salt & Limon","CHIPS","EACH","16 oz",3.69,15.00,55.35,"2021","02"
"NP","00","1000907","Gary's Wine & Marketplace","696610110880","zzzzLa Morenita Tortilla Chips","CHIPS","EACH","16 oz",3.69,-12.00,-44.28,"2021","02"
"NP","00","1005115","Vintage 76 Station","696610110880","zzzzLa Morenita Tortilla Chips","CHIPS","EACH","16 oz",3.69,15.00,55.35,"2021","01"
"NP","00","1005115","Vintage 76 Station","696610110996","zzzzLa Morenita Tostaditas","CHIPS","EACH","16 oz",3.69,6.00,22.14,"2021","01"
"NP","00","1005115","Vintage 76 Station","696610111290","zzzzLa Morenita Salt & Limon","CHIPS","EACH","16 oz",3.69,6.00,22.14,"2021","01"
"NP","00","1010319","Raley's #319(Napa)","696610110880","zzzzLa Morenita Tortilla Chips","CHIPS","EACH","16 oz",3.69,105.00,387.45,"2021","01"
"NP","00","1010319","Raley's #319(Napa)","696610110880","zzzzLa Morenita Tortilla Chips","CHIPS","EACH","16 oz",3.69,225.00,830.25,"2021","02"
"NP","00","1010319","Raley's #319(Napa)","696610111290","zzzzLa Morenita Salt & Limon","CHIPS","EACH","16 oz",3.69,60.00,221.40,"2021","01"
"NP","00","1010319","Raley's #319(Napa)","696610111290","zzzzLa Morenita Salt & Limon","CHIPS","EACH","16 oz",3.69,135.00,498.15,"2021","02"
"PN","00","1000079","Mollie Stone #7-San Mateo","696610110880","zzzzLa Morenita Tortilla Chips","CHIPS","EACH","16 oz",3.69,15.00,55.35,"2021","01"
"PN","00","1000079","Mollie Stone #7-San Mateo","696610110880","zzzzLa Morenita Tortilla Chips","CHIPS","EACH","16 oz",3.69,15.00,55.35,"2021","02"
"PN","00","1000079","Mollie Stone #7-San Mateo","696610111290","zzzzLa Morenita Salt & Limon","CHIPS","EACH","16 oz",3.69,15.00,55.35,"2021","01"
"PN","00","1000079","Mollie Stone #7-San Mateo","696610111290","zzzzLa Morenita Salt & Limon","CHIPS","EACH","16 oz",3.69,15.00,55.35,"2021","02"
"PN","00","1000279","Mollie Stone #5-San Bruno","696610110880","zzzzLa Morenita Tortilla Chips","CHIPS","EACH","16 oz",3.69,60.00,221.40,"2021","02"
"PN","00","1000279","Mollie Stone #5-San Bruno","696610111290","zzzzLa Morenita Salt & Limon","CHIPS","EACH","16 oz",3.69,30.00,110.70,"2021","02"
"PN","00","1000281","Mollie Stone #3-Palo Alto","696610110880","zzzzLa Morenita Tortilla Chips","CHIPS","EACH","16 oz",3.69,15.00,55.35,"2021","01"
"PN","00","1000281","Mollie Stone #3-Palo Alto","696610111290","zzzzLa Morenita Salt & Limon","CHIPS","EACH","16 oz",3.69,15.00,55.35,"2021","01"
"PN","00","1000317","Key Market #1 1063 Upton  St","696610110880","zzzzLa Morenita Tortilla Chips","CHIPS","EACH","16 oz",3.69,180.00,664.20,"2021","01"
"PN","00","1000317","Key Market #1 1063 Upton  St","696610110880","zzzzLa Morenita Tortilla Chips","CHIPS","EACH","16 oz",3.69,90.00,332.10,"2021","02"
"PN","00","1000317","Key Market #1 1063 Upton  St","696610111290","zzzzLa Morenita Salt & Limon","CHIPS","EACH","16 oz",3.69,150.00,553.50,"2021","01"
"PN","00","1000317","Key Market #1 1063 Upton  St","696610111290","zzzzLa Morenita Salt & Limon","CHIPS","EACH","16 oz",3.69,60.00,221.40,"2021","02"
"PN","00","1000485","Delucchi's Market","696610110880","zzzzLa Morenita Tortilla Chips","CHIPS","EACH","16 oz",3.69,30.00,110.70,"2021","01"
"PN","00","1000485","Delucchi's Market","696610110880","zzzzLa Morenita Tortilla Chips","CHIPS","EACH","16 oz",3.69,45.00,166.05,"2021","02"
"PN","00","1000485","Delucchi's Market","696610111290","zzzzLa Morenita Salt & Limon","CHIPS","EACH","16 oz",3.69,15.00,55.35,"2021","01"
"PN","00","1000485","Delucchi's Market","696610111290","zzzzLa Morenita Salt & Limon","CHIPS","EACH","16 oz",3.69,45.00,166.05,"2021","02"
"PN","00","1000587","Mollie Stone #6-Burlingame","696610111290","zzzzLa Morenita Salt & Limon","CHIPS","EACH","16 oz",3.69,60.00,221.40,"2021","01"
"PN","00","1000587","Mollie Stone #6-Burlingame","696610111290","zzzzLa Morenita Salt & Limon","CHIPS","EACH","16 oz",3.69,90.00,332.10,"2021","02"
"PN","00","1000587","Mollie Stone #6-Burlingame","696610110880","zzzzLa Morenita Tortilla Chips","CHIPS","EACH","16 oz",3.69,44.00,162.36,"2021","01"
"PN","00","1000587","Mollie Stone #6-Burlingame","696610110880","zzzzLa Morenita Tortilla Chips","CHIPS","EACH","16 oz",3.69,90.00,332.10,"2021","02"
"PN","00","1000587","Mollie Stone #6-Burlingame","696610110996","zzzzLa Morenita Tostaditas","CHIPS","EACH","16 oz",3.69,24.00,88.56,"2021","01"
"PN","00","1000587","Mollie Stone #6-Burlingame","696610110996","zzzzLa Morenita Tostaditas","CHIPS","EACH","16 oz",3.69,12.00,44.28,"2021","02"
"PN","00","1000632","Zanottos - Naglee","696610110880","zzzzLa Morenita Tortilla Chips","CHIPS","EACH","16 oz",3.69,40.00,147.60,"2021","01"
"PN","00","1000632","Zanottos - Naglee","696610110880","zzzzLa Morenita Tortilla Chips","CHIPS","EACH","16 oz",3.69,60.00,221.40,"2021","02"
"PN","00","1000632","Zanottos - Naglee","696610111290","zzzzLa Morenita Salt & Limon","CHIPS","EACH","16 oz",3.69,45.00,166.05,"2021","01"
"PN","00","1000632","Zanottos - Naglee","696610111290","zzzzLa Morenita Salt & Limon","CHIPS","EACH","16 oz",3.69,45.00,166.05,"2021","02"
"PN","00","1000633","Zanotto's - Willow Glen","696610110880","zzzzLa Morenita Tortilla Chips","CHIPS","EACH","16 oz",3.69,30.00,110.70,"2021","01"
"PN","00","1000633","Zanotto's - Willow Glen","696610110880","zzzzLa Morenita Tortilla Chips","CHIPS","EACH","16 oz",3.69,45.00,166.05,"2021","02"
"PN","00","1000633","Zanotto's - Willow Glen","696610111290","zzzzLa Morenita Salt & Limon","CHIPS","EACH","16 oz",3.69,30.00,110.70,"2021","01"
"PN","00","1000633","Zanotto's - Willow Glen","696610111290","zzzzLa Morenita Salt & Limon","CHIPS","EACH","16 oz",3.69,45.00,166.05,"2021","02"
"PN","00","1000655","Roberts Market - Woodside","696610110880","zzzzLa Morenita Tortilla Chips","CHIPS","EACH","16 oz",3.69,45.00,166.05,"2021","01"
"PN","00","1000655","Roberts Market - Woodside","696610110880","zzzzLa Morenita Tortilla Chips","CHIPS","EACH","16 oz",3.69,15.00,55.35,"2021","02"
"PN","00","1000655","Roberts Market - Woodside","696610111290","zzzzLa Morenita Salt & Limon","CHIPS","EACH","16 oz",3.69,45.00,166.05,"2021","01"
"PN","00","1000655","Roberts Market - Woodside","696610111290","zzzzLa Morenita Salt & Limon","CHIPS","EACH","16 oz",3.69,15.00,55.35,"2021","02"
"PN","00","1000728","Piazza Fine Foods-Palo Alto","696610110880","zzzzLa Morenita Tortilla Chips","CHIPS","EACH","16 oz",3.69,45.00,166.05,"2021","01"
"PN","00","1000728","Piazza Fine Foods-Palo Alto","696610110880","zzzzLa Morenita Tortilla Chips","CHIPS","EACH","16 oz",3.69,42.00,154.98,"2021","02"
"PN","00","1000736","Piazza Fine Foods-San Mateo","696610110880","zzzzLa Morenita Tortilla Chips","CHIPS","EACH","16 oz",3.69,15.00,55.35,"2021","01"
"PN","00","1000736","Piazza Fine Foods-San Mateo","696610110880","zzzzLa Morenita Tortilla Chips","CHIPS","EACH","16 oz",3.69,60.00,221.40,"2021","02"
"PN","00","1000736","Piazza Fine Foods-San Mateo","696610111290","zzzzLa Morenita Salt & Limon","CHIPS","EACH","16 oz",3.69,15.00,55.35,"2021","01"
"PN","00","1000736","Piazza Fine Foods-San Mateo","696610111290","zzzzLa Morenita Salt & Limon","CHIPS","EACH","16 oz",3.69,45.00,166.05,"2021","02"
"PN","00","1000757","Zanotto's - Sunnyvale","696610110880","zzzzLa Morenita Tortilla Chips","CHIPS","EACH","16 oz",3.69,45.00,166.05,"2021","01"
"PN","00","1000757","Zanotto's - Sunnyvale","696610110880","zzzzLa Morenita Tortilla Chips","CHIPS","EACH","16 oz",3.69,45.00,166.05,"2021","02"
"PN","00","1000757","Zanotto's - Sunnyvale","696610111290","zzzzLa Morenita Salt & Limon","CHIPS","EACH","16 oz",3.69,45.00,166.05,"2021","01"
"PN","00","1000757","Zanotto's - Sunnyvale","696610111290","zzzzLa Morenita Salt & Limon","CHIPS","EACH","16 oz",3.69,45.00,166.05,"2021","02"
"PN","00","1000763","Spangler's Market","696610110880","zzzzLa Morenita Tortilla Chips","CHIPS","EACH","16 oz",3.69,135.00,498.15,"2021","01"
"PN","00","1000763","Spangler's Market","696610110880","zzzzLa Morenita Tortilla Chips","CHIPS","EACH","16 oz",3.69,45.00,166.05,"2021","02"
"PN","00","1000763","Spangler's Market","696610111290","zzzzLa Morenita Salt & Limon","CHIPS","EACH","16 oz",3.69,105.00,387.45,"2021","01"
"PN","00","1000763","Spangler's Market","696610111290","zzzzLa Morenita Salt & Limon","CHIPS","EACH","16 oz",3.69,30.00,110.70,"2021","02"
"PN","00","1000765","Bianchini's Mkt - San Carlos","696610110880","zzzzLa Morenita Tortilla Chips","CHIPS","EACH","16 oz",3.69,30.00,110.70,"2021","01"
"PN","00","1000765","Bianchini's Mkt - San Carlos","696610110880","zzzzLa Morenita Tortilla Chips","CHIPS","EACH","16 oz",3.69,45.00,166.05,"2021","02"
"PN","00","1000765","Bianchini's Mkt - San Carlos","696610111290","zzzzLa Morenita Salt & Limon","CHIPS","EACH","16 oz",3.69,30.00,110.70,"2021","01"
"PN","00","1000765","Bianchini's Mkt - San Carlos","696610111290","zzzzLa Morenita Salt & Limon","CHIPS","EACH","16 oz",3.69,30.00,110.70,"2021","02"
"PN","00","1000767","Coastside Market","696610110880","zzzzLa Morenita Tortilla Chips","CHIPS","EACH","16 oz",3.69,45.00,166.05,"2021","01"
"PN","00","1000767","Coastside Market","696610111290","zzzzLa Morenita Salt & Limon","CHIPS","EACH","16 oz",3.69,45.00,166.05,"2021","01"
"PN","00","1000767","Coastside Market","696610110996","zzzzLa Morenita Tostaditas","CHIPS","EACH","16 oz",3.69,12.00,44.28,"2021","01"
"PN","00","1000780","Sun Valley Fine Foods","696610110880","zzzzLa Morenita Tortilla Chips","CHIPS","EACH","16 oz",3.69,150.00,553.50,"2021","01"
"PN","00","1000780","Sun Valley Fine Foods","696610110880","zzzzLa Morenita Tortilla Chips","CHIPS","EACH","16 oz",3.69,90.00,332.10,"2021","02"
"PN","00","1000780","Sun Valley Fine Foods","696610111290","zzzzLa Morenita Salt & Limon","CHIPS","EACH","16 oz",3.69,150.00,553.50,"2021","01"
"PN","00","1000780","Sun Valley Fine Foods","696610111290","zzzzLa Morenita Salt & Limon","CHIPS","EACH","16 oz",3.69,60.00,221.40,"2021","02"
"PN","00","1000782","Oceana Market","696610110880","zzzzLa Morenita Tortilla Chips","CHIPS","EACH","16 oz",3.69,283.00,"1,044.27","2021","01"
"PN","00","1000782","Oceana Market","696610110880","zzzzLa Morenita Tortilla Chips","CHIPS","EACH","16 oz",3.69,180.00,664.20,"2021","02"
"PN","00","1000782","Oceana Market","696610111290","zzzzLa Morenita Salt & Limon","CHIPS","EACH","16 oz",3.69,195.00,719.55,"2021","01"
"PN","00","1000782","Oceana Market","696610111290","zzzzLa Morenita Salt & Limon","CHIPS","EACH","16 oz",3.69,111.00,409.59,"2021","02"
"PN","00","1000782","Oceana Market","696610110996","zzzzLa Morenita Tostaditas","CHIPS","EACH","16 oz",3.69,12.00,44.28,"2021","01"
"PN","00","1000784","Grocery Mart","696610110880","zzzzLa Morenita Tortilla Chips","CHIPS","EACH","16 oz",3.69,15.00,55.35,"2021","02"
"PN","00","1000784","Grocery Mart","696610111290","zzzzLa Morenita Salt & Limon","CHIPS","EACH","16 oz",3.69,15.00,55.35,"2021","02"
"PN","00","1000784","Grocery Mart","696610110996","zzzzLa Morenita Tostaditas","CHIPS","EACH","16 oz",3.69,12.00,44.28,"2021","02"
"PN","00","1000848","Zanotto's - SW Expressway","696610110880","zzzzLa Morenita Tortilla Chips","CHIPS","EACH","16 oz",3.69,15.00,55.35,"2021","01"
"PN","00","1000848","Zanotto's - SW Expressway","696610110880","zzzzLa Morenita Tortilla Chips","CHIPS","EACH","16 oz",3.69,15.00,55.35,"2021","02"
"PN","00","1000848","Zanotto's - SW Expressway","696610111290","zzzzLa Morenita Salt & Limon","CHIPS","EACH","16 oz",3.69,15.00,55.35,"2021","01"
"PN","00","1000848","Zanotto's - SW Expressway","696610111290","zzzzLa Morenita Salt & Limon","CHIPS","EACH","16 oz",3.69,15.00,55.35,"2021","02"
"PN","00","1000855","Roberts Market-Portola Valley","696610110880","zzzzLa Morenita Tortilla Chips","CHIPS","EACH","16 oz",3.69,60.00,221.40,"2021","01"
"PN","00","1000855","Roberts Market-Portola Valley","696610111290","zzzzLa Morenita Salt & Limon","CHIPS","EACH","16 oz",3.69,60.00,221.40,"2021","01"
"SF","00","1000221","Mollie Stone #8-Tower Mkt.","696610110880","zzzzLa Morenita Tortilla Chips","CHIPS","EACH","16 oz",3.69,75.00,276.75,"2021","01"
"SF","00","1000221","Mollie Stone #8-Tower Mkt.","696610110880","zzzzLa Morenita Tortilla Chips","CHIPS","EACH","16 oz",3.69,30.00,110.70,"2021","02"
"SF","00","1000221","Mollie Stone #8-Tower Mkt.","696610111290","zzzzLa Morenita Salt & Limon","CHIPS","EACH","16 oz",3.69,75.00,276.75,"2021","01"
"SF","00","1000221","Mollie Stone #8-Tower Mkt.","696610111290","zzzzLa Morenita Salt & Limon","CHIPS","EACH","16 oz",3.69,30.00,110.70,"2021","02"
"SF","00","1000408","Falletti Foods - SF","696610110880","zzzzLa Morenita Tortilla Chips","CHIPS","EACH","16 oz",3.69,150.00,553.50,"2021","01"
"SF","00","1000408","Falletti Foods - SF","696610110880","zzzzLa Morenita Tortilla Chips","CHIPS","EACH","16 oz",3.69,30.00,110.70,"2021","02"
"SF","00","1000408","Falletti Foods - SF","696610111290","zzzzLa Morenita Salt & Limon","CHIPS","EACH","16 oz",3.69,90.00,332.10,"2021","01"
"SF","00","1000408","Falletti Foods - SF","696610111290","zzzzLa Morenita Salt & Limon","CHIPS","EACH","16 oz",3.69,30.00,110.70,"2021","02"
"SF","00","1000408","Falletti Foods - SF","696610110996","zzzzLa Morenita Tostaditas","CHIPS","EACH","16 oz",3.69,24.00,88.56,"2021","01"
"SF","00","1000408","Falletti Foods - SF","696610110996","zzzzLa Morenita Tostaditas","CHIPS","EACH","16 oz",3.69,24.00,88.56,"2021","02"
"SF","00","1000678","Cal Mart -San Francisco","696610110880","zzzzLa Morenita Tortilla Chips","CHIPS","EACH","16 oz",3.69,240.00,885.60,"2021","01"
"SF","00","1000678","Cal Mart -San Francisco","696610110880","zzzzLa Morenita Tortilla Chips","CHIPS","EACH","16 oz",3.69,105.00,387.45,"2021","02"
"SF","00","1000678","Cal Mart -San Francisco","696610111290","zzzzLa Morenita Salt & Limon","CHIPS","EACH","16 oz",3.69,150.00,553.50,"2021","01"
"SF","00","1000678","Cal Mart -San Francisco","696610111290","zzzzLa Morenita Salt & Limon","CHIPS","EACH","16 oz",3.69,105.00,387.45,"2021","02"
"SF","00","1000678","Cal Mart -San Francisco","696610110996","zzzzLa Morenita Tostaditas","CHIPS","EACH","16 oz",3.69,24.00,88.56,"2021","01"
"SF","00","1000678","Cal Mart -San Francisco","696610110996","zzzzLa Morenita Tostaditas","CHIPS","EACH","16 oz",3.69,35.00,129.15,"2021","02"
"SF","00","1000731","Mollie Stone - 18th & Castro","696610111290","zzzzLa Morenita Salt & Limon","CHIPS","EACH","16 oz",3.69,90.00,332.10,"2021","01"
"SF","00","1000731","Mollie Stone - 18th & Castro","696610110880","zzzzLa Morenita Tortilla Chips","CHIPS","EACH","16 oz",3.69,48.00,177.12,"2021","01"
"SF","00","1000772","Marina Super","696610110880","zzzzLa Morenita Tortilla Chips","CHIPS","EACH","16 oz",3.69,120.00,442.80,"2021","01"
"SF","00","1000772","Marina Super","696610110880","zzzzLa Morenita Tortilla Chips","CHIPS","EACH","16 oz",3.69,75.00,276.75,"2021","02"
"SF","00","1000772","Marina Super","696610111290","zzzzLa Morenita Salt & Limon","CHIPS","EACH","16 oz",3.69,60.00,221.40,"2021","01"
"SF","00","1000772","Marina Super","696610111290","zzzzLa Morenita Salt & Limon","CHIPS","EACH","16 oz",3.69,45.00,166.05,"2021","02"
"SF","00","1000773","Marina Meats","696610110880","zzzzLa Morenita Tortilla Chips","CHIPS","EACH","16 oz",3.69,90.00,332.10,"2021","01"
"SF","00","1000773","Marina Meats","696610110880","zzzzLa Morenita Tortilla Chips","CHIPS","EACH","16 oz",3.69,45.00,166.05,"2021","02"
"SF","00","1000773","Marina Meats","696610111290","zzzzLa Morenita Salt & Limon","CHIPS","EACH","16 oz",3.69,15.00,55.35,"2021","02"
"SF","00","1007212","Sunshine - Haight St.","696610110880","zzzzLa Morenita Tortilla Chips","CHIPS","EACH","16 oz",3.69,8.00,29.52,"2021","01"
"SF","00","1007212","Sunshine - Haight St.","696610110880","zzzzLa Morenita Tortilla Chips","CHIPS","EACH","16 oz",3.69,-1.00,-3.69,"2021","04"
"SF","00","1007212","Sunshine - Haight St.","696610111290","zzzzLa Morenita Salt & Limon","CHIPS","EACH","16 oz",3.69,6.00,22.14,"2021","01"
"SF","00","1007212","Sunshine - Haight St.","696610111290","zzzzLa Morenita Salt & Limon","CHIPS","EACH","16 oz",3.69,-3.00,-11.07,"2021","04"
"SF","00","1007302","Parkview","696610110880","zzzzLa Morenita Tortilla Chips","CHIPS","EACH","16 oz",3.69,6.00,22.14,"2021","02"
"SF","00","1007302","Parkview","696610111290","zzzzLa Morenita Salt & Limon","CHIPS","EACH","16 oz",3.69,6.00,22.14,"2021","02"
"SF","00","1007327","S&A Market","696610110880","zzzzLa Morenita Tortilla Chips","CHIPS","EACH","16 oz",3.69,10.00,36.90,"2021","01"
"SF","00","1007327","S&A Market","696610111290","zzzzLa Morenita Salt & Limon","CHIPS","EACH","16 oz",3.69,4.00,14.76,"2021","01"
"SF","00","1007329","Noe Valley Market","696610110880","zzzzLa Morenita Tortilla Chips","CHIPS","EACH","16 oz",3.69,14.00,51.66,"2021","01"
"SF","00","1007329","Noe Valley Market","696610110880","zzzzLa Morenita Tortilla Chips","CHIPS","EACH","16 oz",3.69,8.00,29.52,"2021","02"
"SF","00","1007329","Noe Valley Market","696610111290","zzzzLa Morenita Salt & Limon","CHIPS","EACH","16 oz",3.69,14.00,51.66,"2021","01"
"SF","00","1007329","Noe Valley Market","696610111290","zzzzLa Morenita Salt & Limon","CHIPS","EACH","16 oz",3.69,8.00,29.52,"2021","02"
"SF","00","1007912","Harvest Urban Mkt-8th St.","696610110996","zzzzLa Morenita Tostaditas","CHIPS","EACH","16 oz",3.69,12.00,44.28,"2021","02"
"SF","00","1007912","Harvest Urban Mkt-8th St.","696610111290","zzzzLa Morenita Salt & Limon","CHIPS","EACH","16 oz",3.69,7.00,25.83,"2021","02"
"SF","00","1007912","Harvest Urban Mkt-8th St.","696610110880","zzzzLa Morenita Tortilla Chips","CHIPS","EACH","16 oz",3.69,-4.00,-14.76,"2021","02"
"SN","00","1000018","Pacific Market-Santa Rosa","696610110880","zzzzLa Morenita Tortilla Chips","CHIPS","EACH","16 oz",3.69,45.00,166.05,"2021","01"
"SN","00","1000018","Pacific Market-Santa Rosa","696610111290","zzzzLa Morenita Salt & Limon","CHIPS","EACH","16 oz",3.69,30.00,110.70,"2021","01"
"SN","00","1000033","Pacific Market / Fiesta","696610110880","zzzzLa Morenita Tortilla Chips","CHIPS","EACH","16 oz",3.69,60.00,221.40,"2021","01"
"SN","00","1000033","Pacific Market / Fiesta","696610110880","zzzzLa Morenita Tortilla Chips","CHIPS","EACH","16 oz",3.69,44.00,162.36,"2021","02"
"SN","00","1000033","Pacific Market / Fiesta","696610111290","zzzzLa Morenita Salt & Limon","CHIPS","EACH","16 oz",3.69,30.00,110.70,"2021","01"
"SN","00","1000033","Pacific Market / Fiesta","696610111290","zzzzLa Morenita Salt & Limon","CHIPS","EACH","16 oz",3.69,45.00,166.05,"2021","02"
"SN","00","1000033","Pacific Market / Fiesta","696610110996","zzzzLa Morenita Tostaditas","CHIPS","EACH","16 oz",3.69,12.00,44.28,"2021","01"
"SN","00","1000033","Pacific Market / Fiesta","696610110996","zzzzLa Morenita Tostaditas","CHIPS","EACH","16 oz",3.69,24.00,88.56,"2021","02"
"SN","00","1000034","Fircrest Market","696610110880","zzzzLa Morenita Tortilla Chips","CHIPS","EACH","16 oz",3.69,60.00,221.40,"2021","01"
"SN","00","1000034","Fircrest Market","696610110880","zzzzLa Morenita Tortilla Chips","CHIPS","EACH","16 oz",3.69,60.00,221.40,"2021","02"
"SN","00","1000034","Fircrest Market","696610111290","zzzzLa Morenita Salt & Limon","CHIPS","EACH","16 oz",3.69,45.00,166.05,"2021","01"
"SN","00","1000034","Fircrest Market","696610111290","zzzzLa Morenita Salt & Limon","CHIPS","EACH","16 oz",3.69,30.00,110.70,"2021","02"
"SN","00","1000057","Molsberry Market","696610110880","zzzzLa Morenita Tortilla Chips","CHIPS","EACH","16 oz",3.69,43.00,158.67,"2021","01"
"SN","00","1000057","Molsberry Market","696610110880","zzzzLa Morenita Tortilla Chips","CHIPS","EACH","16 oz",3.69,0.00,0.00,"2021","02"
"SN","00","1000057","Molsberry Market","696610110996","zzzzLa Morenita Tostaditas","CHIPS","EACH","16 oz",3.69,24.00,88.56,"2021","01"
"SN","00","1000057","Molsberry Market","696610110996","zzzzLa Morenita Tostaditas","CHIPS","EACH","16 oz",3.69,12.00,44.28,"2021","02"
"SN","00","1000057","Molsberry Market","696610111290","zzzzLa Morenita Salt & Limon","CHIPS","EACH","16 oz",3.69,15.00,55.35,"2021","01"
"SN","00","1000057","Molsberry Market","696610111290","zzzzLa Morenita Salt & Limon","CHIPS","EACH","16 oz",3.69,0.00,0.00,"2021","02"
"SN","00","1000125","Speer's Market","696610110880","zzzzLa Morenita Tortilla Chips","CHIPS","EACH","16 oz",3.69,135.00,498.15,"2021","01"
"SN","00","1000125","Speer's Market","696610110880","zzzzLa Morenita Tortilla Chips","CHIPS","EACH","16 oz",3.69,45.00,166.05,"2021","02"
"SN","00","1000125","Speer's Market","696610111290","zzzzLa Morenita Salt & Limon","CHIPS","EACH","16 oz",3.69,75.00,276.75,"2021","01"
"SN","00","1000125","Speer's Market","696610111290","zzzzLa Morenita Salt & Limon","CHIPS","EACH","16 oz",3.69,15.00,55.35,"2021","02"
"SN","00","1000125","Speer's Market","696610110996","zzzzLa Morenita Tostaditas","CHIPS","EACH","16 oz",3.69,42.00,154.98,"2021","01"
"SN","00","1000236","Petaluma Market","696610110880","zzzzLa Morenita Tortilla Chips","CHIPS","EACH","16 oz",3.69,165.00,608.85,"2021","01"
"SN","00","1000236","Petaluma Market","696610110880","zzzzLa Morenita Tortilla Chips","CHIPS","EACH","16 oz",3.69,105.00,387.45,"2021","02"
"SN","00","1000236","Petaluma Market","696610111290","zzzzLa Morenita Salt & Limon","CHIPS","EACH","16 oz",3.69,68.00,250.92,"2021","01"
"SN","00","1000236","Petaluma Market","696610111290","zzzzLa Morenita Salt & Limon","CHIPS","EACH","16 oz",3.69,30.00,110.70,"2021","02"
"SN","00","1000236","Petaluma Market","696610110996","zzzzLa Morenita Tostaditas","CHIPS","EACH","16 oz",3.69,24.00,88.56,"2021","01"
"SN","00","1000236","Petaluma Market","696610110996","zzzzLa Morenita Tostaditas","CHIPS","EACH","16 oz",3.69,24.00,88.56,"2021","02"
"SN","00","1000286","Big John's Market","696610110880","zzzzLa Morenita Tortilla Chips","CHIPS","EACH","16 oz",3.69,224.00,826.56,"2021","01"
"SN","00","1000286","Big John's Market","696610110880","zzzzLa Morenita Tortilla Chips","CHIPS","EACH","16 oz",3.69,90.00,332.10,"2021","02"
"SN","00","1000286","Big John's Market","696610111290","zzzzLa Morenita Salt & Limon","CHIPS","EACH","16 oz",3.69,165.00,608.85,"2021","01"
"SN","00","1000286","Big John's Market","696610111290","zzzzLa Morenita Salt & Limon","CHIPS","EACH","16 oz",3.69,59.00,217.71,"2021","02"
"SN","00","1000286","Big John's Market","696610110996","zzzzLa Morenita Tostaditas","CHIPS","EACH","16 oz",3.69,48.00,177.12,"2021","01"
"SN","00","1000286","Big John's Market","696610110996","zzzzLa Morenita Tostaditas","CHIPS","EACH","16 oz",3.69,35.00,129.15,"2021","02"
"SN","00","1000328","Oliver's Market-Cotati","696610110880","zzzzLa Morenita Tortilla Chips","CHIPS","EACH","16 oz",3.69,165.00,608.85,"2021","01"
"SN","00","1000328","Oliver's Market-Cotati","696610110880","zzzzLa Morenita Tortilla Chips","CHIPS","EACH","16 oz",3.69,30.00,110.70,"2021","02"
"SN","00","1000328","Oliver's Market-Cotati","696610111290","zzzzLa Morenita Salt & Limon","CHIPS","EACH","16 oz",3.69,120.00,442.80,"2021","01"
"SN","00","1000328","Oliver's Market-Cotati","696610111290","zzzzLa Morenita Salt & Limon","CHIPS","EACH","16 oz",3.69,60.00,221.40,"2021","02"
"SN","00","1000328","Oliver's Market-Cotati","696610110996","zzzzLa Morenita Tostaditas","CHIPS","EACH","16 oz",3.69,24.00,88.56,"2021","01"
"SN","00","1000397","Andy's Produce - Sebastopol","696610110880","zzzzLa Morenita Tortilla Chips","CHIPS","EACH","16 oz",3.69,176.00,649.44,"2021","01"
"SN","00","1000397","Andy's Produce - Sebastopol","696610110880","zzzzLa Morenita Tortilla Chips","CHIPS","EACH","16 oz",3.69,135.00,498.15,"2021","02"
"SN","00","1000397","Andy's Produce - Sebastopol","696610111290","zzzzLa Morenita Salt & Limon","CHIPS","EACH","16 oz",3.69,120.00,442.80,"2021","01"
"SN","00","1000397","Andy's Produce - Sebastopol","696610111290","zzzzLa Morenita Salt & Limon","CHIPS","EACH","16 oz",3.69,90.00,332.10,"2021","02"
"SN","00","1000397","Andy's Produce - Sebastopol","696610110996","zzzzLa Morenita Tostaditas","CHIPS","EACH","16 oz",3.69,24.00,88.56,"2021","01"
"SN","00","1000397","Andy's Produce - Sebastopol","696610110996","zzzzLa Morenita Tostaditas","CHIPS","EACH","16 oz",3.69,60.00,221.40,"2021","02"
"SN","00","1000431","Oliver's Market-Montecito Blvd","696610110880","zzzzLa Morenita Tortilla Chips","CHIPS","EACH","16 oz",3.69,103.00,380.07,"2021","01"
"SN","00","1000431","Oliver's Market-Montecito Blvd","696610110880","zzzzLa Morenita Tortilla Chips","CHIPS","EACH","16 oz",3.69,30.00,110.70,"2021","02"
"SN","00","1000431","Oliver's Market-Montecito Blvd","696610111290","zzzzLa Morenita Salt & Limon","CHIPS","EACH","16 oz",3.69,88.00,324.72,"2021","01"
"SN","00","1000431","Oliver's Market-Montecito Blvd","696610111290","zzzzLa Morenita Salt & Limon","CHIPS","EACH","16 oz",3.69,30.00,110.70,"2021","02"
"SN","00","1000431","Oliver's Market-Montecito Blvd","696610110996","zzzzLa Morenita Tostaditas","CHIPS","EACH","16 oz",3.69,58.00,214.02,"2021","01"
"SN","00","1000431","Oliver's Market-Montecito Blvd","696610110996","zzzzLa Morenita Tostaditas","CHIPS","EACH","16 oz",3.69,24.00,88.56,"2021","02"
"SN","00","1000431","Oliver's Market-Montecito Blvd","696610110996","zzzzLa Morenita Tostaditas","CHIPS","EACH","16 oz",3.69,12.00,44.28,"2021","03"
"SN","00","1000480","Glen Ellen Village Mkt.","696610110880","zzzzLa Morenita Tortilla Chips","CHIPS","EACH","16 oz",3.69,195.00,719.55,"2021","01"
"SN","00","1000480","Glen Ellen Village Mkt.","696610110880","zzzzLa Morenita Tortilla Chips","CHIPS","EACH","16 oz",3.69,57.00,210.33,"2021","02"
"SN","00","1000480","Glen Ellen Village Mkt.","696610111290","zzzzLa Morenita Salt & Limon","CHIPS","EACH","16 oz",3.69,135.00,498.15,"2021","01"
"SN","00","1000480","Glen Ellen Village Mkt.","696610111290","zzzzLa Morenita Salt & Limon","CHIPS","EACH","16 oz",3.69,45.00,166.05,"2021","02"
"SN","00","1000517","Oliver's-Stony Point Rd.","696610110880","zzzzLa Morenita Tortilla Chips","CHIPS","EACH","16 oz",3.69,345.00,"1,273.05","2021","01"
"SN","00","1000517","Oliver's-Stony Point Rd.","696610110880","zzzzLa Morenita Tortilla Chips","CHIPS","EACH","16 oz",3.69,75.00,276.75,"2021","02"
"SN","00","1000517","Oliver's-Stony Point Rd.","696610111290","zzzzLa Morenita Salt & Limon","CHIPS","EACH","16 oz",3.69,225.00,830.25,"2021","01"
"SN","00","1000517","Oliver's-Stony Point Rd.","696610111290","zzzzLa Morenita Salt & Limon","CHIPS","EACH","16 oz",3.69,45.00,166.05,"2021","02"
"SN","00","1000517","Oliver's-Stony Point Rd.","696610110996","zzzzLa Morenita Tostaditas","CHIPS","EACH","16 oz",3.69,60.00,221.40,"2021","01"
"SN","00","1000517","Oliver's-Stony Point Rd.","696610110996","zzzzLa Morenita Tostaditas","CHIPS","EACH","16 oz",3.69,24.00,88.56,"2021","02"
"SN","00","1000607","Oliver's- Windsor","696610110880","zzzzLa Morenita Tortilla Chips","CHIPS","EACH","16 oz",3.69,313.00,"1,155.33","2021","01"
"SN","00","1000607","Oliver's- Windsor","696610110880","zzzzLa Morenita Tortilla Chips","CHIPS","EACH","16 oz",3.69,89.00,328.41,"2021","02"
"SN","00","1000607","Oliver's- Windsor","696610111290","zzzzLa Morenita Salt & Limon","CHIPS","EACH","16 oz",3.69,240.00,885.60,"2021","01"
"SN","00","1000607","Oliver's- Windsor","696610111290","zzzzLa Morenita Salt & Limon","CHIPS","EACH","16 oz",3.69,58.00,214.02,"2021","02"
"SN","00","1000607","Oliver's- Windsor","696610110996","zzzzLa Morenita Tostaditas","CHIPS","EACH","16 oz",3.69,11.00,40.59,"2021","01"
"SN","00","1000607","Oliver's- Windsor","696610110996","zzzzLa Morenita Tostaditas","CHIPS","EACH","16 oz",3.69,36.00,132.84,"2021","02"
"SN","00","1001329","Raley's - Petaluma","696610110880","zzzzLa Morenita Tortilla Chips","CHIPS","EACH","16 oz",3.69,60.00,221.40,"2021","01"
"SN","00","1001329","Raley's - Petaluma","696610110880","zzzzLa Morenita Tortilla Chips","CHIPS","EACH","16 oz",3.69,0.00,0.00,"2021","02"
"SN","00","1001329","Raley's - Petaluma","696610111290","zzzzLa Morenita Salt & Limon","CHIPS","EACH","16 oz",3.69,30.00,110.70,"2021","01"
"SN","00","1001329","Raley's - Petaluma","696610111290","zzzzLa Morenita Salt & Limon","CHIPS","EACH","16 oz",3.69,15.00,55.35,"2021","02"
"SN","00","1001329","Raley's - Petaluma","696610110996","zzzzLa Morenita Tostaditas","CHIPS","EACH","16 oz",3.69,35.00,129.15,"2021","01"
"SN","00","1001329","Raley's - Petaluma","696610110996","zzzzLa Morenita Tostaditas","CHIPS","EACH","16 oz",3.69,-12.00,-44.28,"2021","02"
"SN","00","1005208","Broadway Mkt.","696610110880","zzzzLa Morenita Tortilla Chips","CHIPS","EACH","16 oz",3.69,59.00,217.71,"2021","01"
"SN","00","1005208","Broadway Mkt.","696610110880","zzzzLa Morenita Tortilla Chips","CHIPS","EACH","16 oz",3.69,60.00,221.40,"2021","02"
"SN","00","1005208","Broadway Mkt.","696610111290","zzzzLa Morenita Salt & Limon","CHIPS","EACH","16 oz",3.69,12.00,44.28,"2021","01"
"SN","00","1005208","Broadway Mkt.","696610111290","zzzzLa Morenita Salt & Limon","CHIPS","EACH","16 oz",3.69,30.00,110.70,"2021","02"
"SN","00","1005208","Broadway Mkt.","696610110996","zzzzLa Morenita Tostaditas","CHIPS","EACH","16 oz",3.69,11.00,40.59,"2021","01"
